Strain ,Start,End,Length,location,Type,comments,delly
AB1 ,3540507,3540507,1,Intron 1,del,,
BRC20067,3542405,3542407,3,5'region,del,,
BRC20067,3540507,3540507,1,Intron 1,del,,
BRC20067,3539559,3539745,186,Exon 4,del,,found
BRC20263,3540507,3540507,1,Intron 1,del,,
BRC20263,3538608,3538609,1,Intron 4 ,ins,,
BRC20263,3538553,3538554,2,Intron 4 ,del,,
CB4851,3540507,3540507,1,Intron 1,del,,
CB4852,,,,,,,
CB4853,3540507,3540507,1,Intron 1,del,,
CB4853,3538850,3538851,1,Intron4,ins,,
CB4853,3538608,3538609,1,Intron4,ins,,
CB4854,3540507,3540507,1,Intron 1,del,,
CB4854,3538997,3538998,1,Intron 4,ins,A,
CB4855,3540507,3540507,1,Intron 1,del,,
CB4855,3538850,3538851,1,Intron4,ins,,
CB4855,3538608,3538609,1,Intron4,ins,,
CB4856,3540507,3540507,1,Intron 1,del,,
CB4856,3538850,3538851,1,Intron4,ins,,
CB4856,3538608,3538609,1,Intron4,ins,,
CB4856,3538334,3538342,9,Exon 5,del,,
CB4857,3540507,3540507,1,Intron 1,del,,
CB4857,3538850,3538851,1,Intron4,ins,,
CB4857,3538608,3538609,1,Intron4,ins,,
CB4858,3538608,3538609,1,Intron4,ins,,
CB4932,3540507,3540507,1,Intron 1,del,,
CX11254,3540507,3540507,1,Intron 1,del,,
CX11254,3538997,3538998,1,Intron 4,ins,A,
CX11262,3540507,3540507,1,Intron 1,del,,
CX11262,3538608,3538609,1,Intron 4 ,ins,,
CX11264,3542405,3542407,3,5'region,del,,
CX11264,3540507,3540507,1,Intron1,del,,
CX11264,3538608,3538609,1,Intron 4 ,ins,,
CX11271,3542405,3542407,3,5'region,del,,
CX11271,3540507,3540507,1,Intron1,del,,
CX11271,3538553,3538553,1,Intron 4 ,del,,
CX11271,3538608,3538609,1,Intron 4 ,ins,,
CX11276,3540507,3540507,1,Intron1,del,,
CX11276,3538850,3538851,1,Intron4,ins,low coverage!!,
CX11276,3538608,3538609,1,Intron4,ins,low coverage!!,
CX11285,3540507,3540507,1,Intron1,del,,
CX11285,3538553,3538553,1,Intron 4 ,del,,
CX11285,3538608,3538609,1,Intron 4 ,ins,,
CX11292,3540507,3540507,1,Intron1,del,,
CX11292,3538850,3538851,1,Intron4,ins,,
CX11292,3538608,3538609,1,Intron4,ins,,
CX11307,3540507,3540507,1,Intron1,del,,
CX11307,3538608,3538609,1,Intron4,ins,low coverage!!,
CX11314,3542405,3542407,3,5'region,del,,
CX11314,3540507,3540507,1,Intron1,del,,
CX11314,3538608,3538609,1,Intron 4 ,ins,,
CX11314,3538553,3538553,1,Intron 4 ,del,low coverage!!,
CX11315,3542405,3542407,3,5'region,del,,
CX11315,3540507,3540507,1,Intron1,del,,
CX11315,3538608,3538609,1,Intron 4 ,ins,low coverage!!,
CX11315,3538553,3538553,1,Intron 4 ,del,low coverage!!,
DL200,3542405,3542407,3,5'region,del,,
DL200,3540507,3540507,1,Intron1,del,,
DL200,3538608,3538609,1,Intron 4 ,ins,,
DL200,3538553,3538553,1,Intron 4 ,del,,
DL226,3540507,3540507,1,Intron1,del,,
DL226,3538850,3538851,1,Intron4,ins,,
DL226,3538608,3538609,1,Intron 4 ,ins,,
DL238,3540507,3540507,1,Intron1,del,,
DL238,3538608,3538609,1,Intron 4 ,ins,,
ECA189,3543184,3543184,1,5'region,del,,
ECA189,3542405,3542407,3,5'region,del,,
ECA189,3540507,3540507,1,Intron1,del,,
ECA189,3538608,3538609,1,Intron 4 ,ins,,
ECA189,3538553,3538553,1,Intron 4 ,del,,
ECA191,3542405,3542407,3,5'region,del,,
ECA191,3540507,3540507,1,Intron1,del,,
ECA191,3538886,3538887,1,Intron 4,ins,,
ECA191,3538608,3538609,1,Intron 4 ,ins,,
ECA252,3540507,3540507,1,Intron1,del,,
ECA348,3542405,3542407,3,5'region,del,,
ECA348,3540507,3540507,1,Intron1,del,,
ECA348,3539575,3539576,1,Exon 4,ins,frame shift,
ECA348,3538608,3538609,1,Intron 4 ,ins,low coverage!!,
ECA349,3540507,3540507,1,Intron1,del,,
ECA349,3538850,3538851,1,Intron4,ins,,
ECA349,3538608,3538609,1,Intron 4 ,ins,low coverage,
ECA36,3542405,3542407,3,5'region,del,,
ECA36,3540507,3540507,1,Intron1,del,,
ECA36,3538971,3538972,1,Intron 4 ,ins,,
ECA36,3538886,3538887,1,Intron4,ins,,
ECA36,3538608,3538609,1,Intron 4 ,ins,,
ECA363,3542700,3542702,,5'region,del,low coverage,
ECA363,3542405,3542407,3,5'region,del,,
ECA363,3538971,3538972,1,Intron 4 ,ins,,
ECA369,3540507,3540507,1,Intron 1,del,,
ECA369,3538608,3538609,1,Intron 4 ,ins,,
ECA369,3538553,3538553,1,Intron 4 ,del,,
ECA372,3542405,3542407,3,5'region,del,,
ECA372,3540507,3540507,1,Intron 1,del,,
ECA372,3538608,3538609,1,Intron 4,ins ,A,
ECA372,3538553,3538553,1,Intron 4,del,low coverage,
ECA396,3542405,3542407,3,5'region,del,,
ECA396,3540506,3540507,2,Intron 1,del,,
ECA396,3540485,3540486,1,Intron 1,ins,A,
ECA396,3538886,3538887,1,Intron 4,ins,A,
ECA396,3538608,3538609,1,Intron 4,ins ,A,
ED3005,3540507,3540507,1,Intron1,del,,
ED3005,3540407,3540408,2,Exon 2,del,frame shift,
ED3005,3538850,3538851,1,Intron 4,ins,A; low coverage,
ED3005,3538608,3538609,1,Intron 4,ins ,A; low coverage,
ED3011,3542405,3542407,3,5'region,del,,
ED3011,3540507,3540507,1,Intron 1,del,,
ED3011,3538608,3538609,1,Intron 4,ins ,A; low coverage,
ED3011,3538553,3538553,1,Intron 4,del,low coverage,
ED3012,3540507,3540507,1,Intron1,del,,
ED3012,3540300,3540301,2,Exon 2,del,frame shift,
ED3017,3540507,3540507,1,Intron1,del,,
ED3040,3542405,3542407,3,5'region,del,,
ED3040,3540507,3540507,1,Intron 1,del,,
ED3040,3538608,3538609,1,Intron 4,ins ,T,
ED3040,3538553,3538553,1,Intron 4,del,,
ED3046,3542405,3542407,3,5'region,del,,
ED3046,3540507,3540507,1,Intron 1,del,,
ED3046,3538608,3538609,1,Intron 4,ins ,T,
ED3046,3538553,3538553,1,Intron 4,del,,
ED3048,3542405,3542407,3,5'region,del,,
ED3048,3540507,3540507,1,Intron 1,del,,
ED3048,3538608,3538609,1,Intron 4,ins ,"T, low coverage",
ED3049,3542405,3542407,3,5'region,del,,
ED3049,3540507,3540507,1,Intron 1,del,,
ED3049,3538608,3538609,1,Intron 4,ins ,T,
ED3052,3542405,3542407,3,5'region,del,,
ED3052,3540507,3540507,1,Intron 1,del,,
ED3052,3538608,3538609,1,Intron 4,ins ,T,
ED3052,3538553,3538553,1,Intron 4,del,? Not in all reads,
ED3073,3542405,3542407,3,5'region,del,,
ED3073,3540507,3540507,1,Intron 1,del,,
ED3073,3538608,3538609,1,Intron 4,ins ,T,
ED3073,3538553,3538553,1,Intron 4,del,? Not in all reads,
ED3077,3541123,5341128,6,Intron 1,del,,
ED3077,3540507,3540507,1,Intron 1,del,,
ED3077,3538997,3538998,1,Intron 4,ins,A,
ED3077,3538608,3538609,1,Intron 4,ins ,T,
EG4347,3540507,3540507,1,Intron 1,del,low coverage,
EG4349,3542405,3542407,3,5'region,del,,
EG4349,3540507,3540507,1,Intron 1,del,,
EG4349,3538608,3538609,1,Intron 4,ins ,T,
EG4349,3538553,3538553,1,Intron 4,del,,
EG4724,3542405,3542407,3,5'region,del,,
EG4724,3540507,3540507,1,Intron 1,del,,
EG4724,3538608,3538609,1,Intron 4,ins ,T,
EG4724,3538553,3538553,1,Intron 4,del,,
EG4725,3540507,3540507,1,Intron 1,del,,
EG4946,3540507,3540507,1,Intron 1,del,,
GXW1,3542405,3542407,3,5'region,del,,
GXW1,3540507,3540507,1,Intron 1,del,,
GXW1,3538608,3538609,1,Intron 4,ins ,T,
GXW1,3538553,3538553,1,Intron 4,del,,
JT11398,3540507,3540507,1,Intron 1,del,,
JU1088,3542405,3542407,3,5'region,del,,
JU1088,3540507,3540507,1,Intron 1,del,,
JU1088,3538608,3538609,1,Intron 4,ins ,T,
JU1172,3541123,3541128,6,Intron 1,del,,
JU1172,3540507,3540507,1,Intron 1,del,,
JU1172,3538997,3538998,1,Intron 4,ins,A,
JU1172,3538608,3538609,1,Intron 4,ins ,T,
JU1200,,,,,,,
JU1212,3540507,3540507,1,Intron 1,del,,
JU1213,3541123,3541128,6,Intron 1,del,,
JU1213,3540507,3540507,1,Intron 1,del,,
JU1213,3538997,3538998,1,Intron 4,ins,A,
JU1213,3538608,3538609,1,Intron 4,ins ,T,
JU1242,3542405,3542407,3,5'region,del,,
JU1242,3540507,3540507,1,Intron 1,del,,
JU1242,3538608,3538609,1,Intron 4,ins ,T,
JU1242,3538553,3538553,1,Intron 4,del,,
JU1246,3541123,3541128,6,Intron 1,del,,
JU1246,3540507,3540507,1,Intron 1,del,,
JU1246,3538997,3538998,1,Intron 4,ins,A,
JU1246,3538608,3538609,1,Intron 4,ins ,T,
JU1249,,,,,,,
JU1395,3541317,3541856,539,Exon 1,del,,found
JU1400,3542405,3542407,3,5'region,del,,
JU1400,3538997,3538998,1,Intron 4,ins,A,
JU1409,3538997,3538998,1,Intron 4,ins,A,
JU1440,,,,,,,
JU1491,3542405,3542407,3,5'region,del,,
JU1491,3538997,3538998,1,Intron 4,ins,A,
JU1530,,,,,,,
JU1543,,,,,,,
JU1568,,,,,,,
JU1580,3541123,3541128,6,Intron 1,del,,
JU1580,3538997,3538998,1,Intron 4,ins,A,
JU1586,,,,,,,
JU1652,3539060,3538810,250,Intron 4,del,,found
JU1666,3538997,3538998,1,Intron 4,ins,A,
JU1792,,,,,,,
JU1793,3541123,3541128,6,Intron 1,del,,
JU1793,3538997,3538998,1,Intron 4,ins,A,
JU1808,3540407,3540408,2,Exon 2,del,frame shift,
JU1808,3538997,3538998,1,Intron 4,ins,A,
JU1896,3538997,3538998,1,Intron 4,ins,A,
JU1934,3541123,3541128,6,Intron 1,del,,
JU1934,3538997,3538998,1,Intron 4,ins,A,
JU2001,3542405,3542407,3,5'region,del,,
JU2007,3538997,3538998,1,Intron 4,ins,A,
JU2016,3538997,3538998,1,Intron 4,ins,A,
JU2017,3538997,3538998,1,Intron 4,ins,A,
JU2106,3541123,3541128,6,Intron 1,del,,
JU2106,3538997,3538998,1,Intron 4,ins,A,
JU2131,3542405,3542407,3,5'region,del,,
JU2131,3538997,3538998,1,Intron 4,ins,A,
JU2141,,,,,,,
JU2234,,,,,,,
JU2250,3542405,3542407,3,5'region,del,,
JU2250,3538997,3538998,1,Intron 4,ins,A,
JU2257,,,,,,,
JU2316,,,,,,,
JU2464,3538997,3538998,1,Intron 4,ins,A,
JU2466,3542405,3542407,3,5'region,del,,
JU2466,3538997,3538998,1,Intron 4,ins,A,
JU2478,3538997,3538998,1,Intron 4,ins,A,
JU2513,,,,,,,
JU2519,3542405,3542407,3,5'region,del,,
JU2519,3538997,3538998,1,Intron 4,ins,A,
JU2522,3542405,3542407,3,5'region,del,,
JU2522,3538997,3538998,1,Intron 4,ins,A,
JU2526,3542405,3542407,3,5'region,del,,
JU2526,3538997,3538998,1,Intron 4,ins,A,
JU2534,3542405,3542407,3,5'region,del,,
JU2534,3538997,3538998,1,Intron 4,ins,A,
JU2565,,,,,,,
JU2566,,,,,,,
JU2570,3542405,3542407,3,5'region,del,,
JU2570,3538997,3538998,1,Intron 4,ins,A,
JU2572,,,,,,,
JU2575,,,,,,,
JU2576,,,,,,,
JU2578,3542405,3542407,3,5'region,del,,
JU2578,3538997,3538998,1,Intron 4,ins,A,
JU258,,,,,,,
JU2581,3542405,3542407,3,5'region,del,,
JU2581,3539746,3539908,162,Exon 3/4,del,,much larger found
JU2586,3542405,3542407,3,5'region,del,,
JU2586,3538997,3538998,1,Intron 4,ins,A,
JU2587,3542405,3542407,3,5'region,del,,
JU2587,3539746,3539908,162,Exon 3/4,del,position is estimated,much larger found
JU2587,3538997,3538998,1,Intron 4,ins,A,
JU2592,,,,,,,
JU2593,3542405,3542407,3,5'region,del,,
JU2593,3539746,3539908,162,Exon 3/4,del,position is estimated,much larger found
JU2593,3538997,3538998,1,Intron 4,ins,A,
JU2600,3541123,3541128,6,Intron 1,del,,
JU2600,3538997,3538998,1,Intron 4,ins,A,
JU2610,3541123,3541128,6,Intron 1,del,,
JU2610,3538997,3538998,1,Intron 4,ins,A,
JU2619,3538997,3538998,1,Intron 4,ins,A,
JU2800,,,,,,,
JU2811,3538997,3538998,1,Intron 4,ins,A,
JU2825,,,,,,,
JU2829,3542405,3542407,3,5'region,del,,
JU2829,3539746,3539908,162,Exon 3/4,del,position is estimated,much larger found
JU2829,3538997,3538998,1,Intron 4,ins,A,
JU2838,3538997,3538998,1,Intron 4,ins,A,
JU2841,3541123,3541128,6,Intron 1,del,,
JU2841,3538997,3538998,1,Intron 4,ins,A,
JU2853,3542405,3542407,3,5'region,del,,
JU2853,3538997,3538998,1,Intron 4,ins,A,
JU2862,3539375,3539378,4,Exon 4 ,del ,frame shift,
JU2862,3538997,3538998,1,Intron 4,ins,A,
JU2866,3538997,3538998,1,Intron 4,ins,A,
JU2878,3542405,3542407,3,5'region,del,,
JU2878,3538997,3538998,1,Intron 4,ins,A,
JU2879,3542405,3542407,3,5'region,del,,
JU2879,3538997,3538998,1,Intron 4,ins,A,
JU2906,,,,,,,
JU2907,,,,,,,
JU310,,,,,,,
JU311,,,,,,,
JU3125,3542405,3542407,3,5'region,del,,
JU3125,3538997,3538998,1,Intron 4,ins,A,
JU3125,3538426,3538832,405,exon 5,trans,,
JU3127,3542405,3542407,3,5'region,del,,
JU3127,3538997,3538998,1,Intron 4,ins,A,
JU3128,,,,,,,
JU3132,3541123,3541128,6,Intron 1,del,,
JU3132,3538997,3538998,1,Intron 4,ins,A,
JU3134,,,,,,,
JU3135,,,,,,,
JU3137,3542405,3542407,3,5'region,del,,
JU3137,3538997,3538998,1,Intron 4,ins,A,
JU3140,3542405,3542407,3,5'region,del,,
JU3140,3538997,3538998,1,Intron 4,ins,A,
JU3144,3542405,3542407,3,5'region,del,,
JU323,,,,,,,
JU346,,,,,,,
JU360,3539507,3539514,8,Exon 4 ,del,frame shift,
JU367,,,,,,,
JU393,,,,,,,
JU394,,,,,,,
JU397,3542405,3542407,3,5'region,del,,
JU397,3538997,3538998,1,Intron 4,ins,A,
JU406,,,,,,,
JU440,,,,,,,
JU561,,,,,,,
JU642,3542405,3542407,3,5'region,del,,
JU642,3538997,3538998,1,Intron 4,ins,A,
JU751,3542405,3542407,3,5'region,del,,
JU751,3539746,3539908,162,Exon 3/4,del,position is estimated,much larger found
JU751,3538997,3538998,1,Intron 4,ins,A,
JU774,3542405,3542407,3,5'region,del,,
JU774,3538997,3538998,1,Intron 4,ins,A,
JU775,3542405,3542407,3,5'region,del,,
JU775,3538997,3538998,1,Intron 4,ins,A,
JU778,3542405,3542407,3,5'region,del,,
JU778,3538997,3538998,1,Intron 4,ins,A,
JU782,3541123,3541128,6,Intron 1,del,,
JU782,3538997,3538998,1,Intron 4,ins,A,
JU792,3542405,3542407,3,5'region,del,,
JU792,3538997,3538998,1,Intron 4,ins,A,
JU830,3542405,3542407,3,5'region,del,,
JU830,3539746,3539908,162,Exon 3/4,del,position is estimated,much larger found
JU830,3538997,3538998,1,Intron 4,ins,A,
JU847,,,,,,,
KR314,3542405,3542407,3,5'region,del,,
KR314,3540369,3540369,1,Exon 2,del,frame shift,
KR314,3538997,3538998,1,Intron 4,ins,A,
LKC34,3542405,3542407,3,5'region,del,,
LKC34,3538997,3538998,1,Intron 4,ins,A,
LSJ1,,,,,,,
MY1,3542405,3542407,3,5'region,del,,
MY1,3538997,3538998,1,Intron 4,ins,A,
MY10,3542405,3542407,3,5'region,del,,
MY10,3538997,3538998,1,Intron 4,ins,A,
MY16,3538997,3538998,1,Intron 4,ins,A,
MY18,3540407,3540408,2,Exon 2,del,frame shift,
MY18,3538997,3538998,1,Intron 4,ins,A,
MY2147,,,,,,,
MY2212,,,,,,,
MY23,3538997,3538998,1,Intron 4,ins,A,
MY2453,3542405,3542407,3,5'region,del,,
MY2453,3541552,3541533,1,Exon 1,Ins,frame shift,
MY2453,3541547,3541548,1,Exon 1,Ins,frame shift,
MY2453,3538997,3538998,1,Intron 4,ins,A,
MY2530,,,,,,,
MY2535,,,,,,,
MY2585,3538997,3538998,1,Intron 4,ins,A,
MY2693,,,,,,,
MY2713,,,,,,,
MY2741,,,,,,,
MY518,3538997,3538998,1,Intron 4,ins,A,
MY518,3540316,3543965,3649,Exon 1,inv,,
MY679,3542405,3542407,3,5'region,del,,
MY679,3538997,3538998,1,Intron 4,ins,A,
MY772,,,,,,,
MY795,3540407,3540408,2,Exon 2,del,frame shift,
MY795,3538997,3538998,1,Intron 4,ins,A,
N2,,,,,,,
NIC1,3540512,3540512,1,Intron 1,del,,
NIC1049,3540512,3540512,1,Intron 1,del,,
NIC1107,3540970,3544000,3030,Exon1 and promoter,del,,
NIC166,3540512,3540512,1,Intron 1,del,,
NIC195,,,,,,,
NIC199,3540512,3540512,1,Intron 1,del,,
NIC2,3540512,3540512,1,Intron 1,del,,
NIC207,3542405,3542407,3,promoter,del,,
NIC207,3540512,3540512,1,Intron 1,del,,
NIC207,3538997,3538998,1,Intron 4,ins,A,
NIC231,3542405,3542407,3,promoter,del,,
NIC231,3540512,3540512,1,Intron 1,del,,
NIC231,3538997,3538998,1,Intron 4,ins,A,
NIC236,3542405,3542407,3,promoter,del,,
NIC236,3540512,3540512,1,Intron 1,del,,
NIC236,3538997,3538998,1,Intron 4,ins,A,
NIC242,3540512,3540512,1,Intron 1,del,,
NIC251,3540512,3540512,1,Intron 1,del,,
NIC251,3542405,3542407,3,promoter,del,,
NIC251,3538997,3538998,1,Intron 4,ins,A,
NIC252,3540512,3540512,1,Intron 1,del,,
NIC252,3542405,3542407,3,promoter,del,,
NIC252,3538997,3538998,1,Intron 4,ins,A,
NIC255,3540512,3540512,1,Intron 1,del,,
NIC256,3542405,3542407,3,promoter,del,,
NIC256,3540512,3540512,1,Intron 1,del,,
NIC256,3538997,3538998,1,Intron 4,ins,A,
NIC258,3542405,3542407,3,promoter,del,,
NIC258,3540512,3540512,1,Intron 1,del,,
NIC258,3538997,3538998,1,Intron 4,ins,A,
NIC259,3542405,3542407,3,promoter,del,,
NIC259,3540512,3540512,1,Intron 1,del,,
NIC259,3538997,3538998,1,Intron 4,ins,A,
NIC260,3542405,3542407,3,promoter,del,,
NIC260,3540512,3540512,1,Intron 1,del,,
NIC260,3538997,3538998,1,Intron 4,ins,A,
NIC261,3542405,3542407,3,promoter,del,,
NIC261,3540512,3540512,1,Intron 1,del,,
NIC261,3538997,3538998,1,Intron 4,ins,A,
NIC262,3542405,3542407,3,promoter,del,,
NIC262,3540512,3540512,1,Intron 1,del,,
NIC262,3538997,3538998,1,Intron 4,ins,A,
NIC265,3542405,3542407,3,promoter,ins,,
NIC265,3540512,3540512,1,Intron 1,del,,
NIC266,3540512,3540512,1,Intron 1,del,,
NIC266,3542405,3542407,3,promoter,del,,
NIC266,3538997,3538998,1,Intron 4,ins,A,
NIC267,3540512,3540512,1,Intron 1,del,,
NIC267,3542405,3542407,3,promoter,del,,
NIC267,3538997,3538998,1,Intron 4,ins,A,
NIC268,3540512,3540512,1,Intron 1,del,,
NIC268,3542405,3542407,3,promoter,del,,
NIC268,3538997,3538998,1,Intron 4,ins,A,
NIC269,3540512,3540512,1,Intron 1,del,,
NIC269,3542405,3542407,3,promoter,del,,
NIC269,3538997,3538998,1,Intron 4,ins,A,
NIC271,3540512,3540512,1,Intron 1,del,,
NIC271,3542405,3542407,3,promoter,del,,
NIC271,3538997,3538998,1,Intron 4,ins,A,
NIC272,3540512,3540512,1,Intron 1,del,,
NIC272,3542405,3542407,3,promoter,del,,
NIC272,3538997,3538998,1,Intron 4,ins,A,
NIC274,3540512,3540512,1,Intron 1,del,,
NIC274,3542405,3542407,3,promoter,del,,
NIC274,3538997,3538998,1,Intron 4,ins,A,
NIC275,3540512,3540512,1,Intron 1,del,,
NIC275,3542405,3542407,3,promoter,del,,
NIC275,3538997,3538998,1,Intron 4,ins,A,
NIC276,3540512,3540512,1,Intron 1,del,,
NIC276,3542405,3542407,3,promoter,del,,
NIC276,3538997,3538998,1,Intron 4,ins,A,
NIC277,3540512,3540512,1,Intron 1,del,,
NIC3,3540512,3540512,1,Intron 1,del,,
NIC501,3540512,3540512,1,Intron 1,del,,
NIC501,3541123,3541128,5,intron 1,del,,
NIC501,3538997,3538998,1,Intron 4,ins,A,
NIC511,3540512,3540512,1,Intron 1,del,,
NIC511,3542405,3542407,3,promoter,del,,
NIC511,3538997,3538998,1,Intron 4,ins,A,
NIC513,3540512,3540512,1,Intron 1,del,,
NIC513,3542405,3542407,3,promoter,del,,
NIC513,3538997,3538998,1,Intron 4,ins,A,
NIC514,3540512,3540512,1,Intron 1,del,,
NIC514,3542405,3542407,3,promoter,del,,
NIC514,3538997,3538998,1,Intron 4,ins,A,
NIC515,3540512,3540512,1,Intron 1,del,,
NIC515,3542405,3542407,3,promoter,del,,
NIC515,3538997,3538998,1,Intron 4,ins,A,
NIC522,,,,,,,
NIC523,3542405,3542407,3,promoter,del,,
NIC523,3538997,3538998,1,Intron 4,ins,A,
NIC526,3542405,3542407,3,promoter,del,,
NIC526,3538997,3538998,1,Intron 4,ins,A,
NIC527,3542405,3542407,3,promoter,del,,
NIC527,3538997,3538998,1,Intron 4,ins,A,
NIC528,3541123,3541128,6,intron 1,del,,
NIC528,3538997,3538998,1,Intron 4,ins,A,
NIC529,,,,,,,
PB303,3538997,3538998,1,Intron 4,ins,A,
PB306,3542405,3542407,3,promoter,del,,
PB306,3538997,3538998,1,Intron 4,ins,A,
PS2025,3542405,3542407,3,promoter,del,,
PS2025,3539575,3539576,1,Exon 4 ,ins,frame shift,
PS2025,3538997,3538998,1,Intron 4,ins,A,
PX179,,,,,,,
QG2075,3543184,3543184,1,promoter,del,,
QG2075,3542405,3542407,3,promoter,del,,
QG2075,3541499,3541502,4,Exon 1,del,frame shift,
QG2075,3538997,3538998,1,Intron 4,ins,A,
QG536,3542405,3542407,3,promoter,del,,
QG536,3538997,3538998,1,Intron 4,ins,,
QG556,3542405,3542407,3,promoter,del,,
QG556,3539575,3539576,1,Exon 4 ,ins,frame shift,
QG556,3538997,3538998,1,Intron 4,ins,A,
QG557,3538997,3538998,1,Intron 4,ins,A,
QW947,3538997,3538998,1,Intron 4,ins,A,
QX1211,35427112,3542712,1,promoter,del,,
QX1211,3542405,3542407,3,promoter,del,,
QX1211,3538997,3538998,1,Intron 4,ins,A,
QX1212,3539470,3539471,1,Exon 4,del,,
QX1212,3538997,3538998,1,Intron 4,ins,A,
QX1233,3542405,3542407,3,promoter,del,,
QX1233,3539006,3539808,803,Exon 4 ,del,,
QX1791,3538997,3538998,1,Intron 4,ins,A,
QX1792,3542405,3542407,3,promoter,del,,
QX1792,3538997,3538998,1,Intron 4,ins,A,
QX1793,3538997,3538998,1,Intron 4,ins,A,
QX1794,3538997,3538998,1,Intron 4,ins,A,
RC301,3538997,3538998,1,Intron 4,ins,A,
WN2001,3538997,3538998,1,Intron 4,ins,A,
WN2002,,,,,,,
WN2033,3541499,3541502,4,Exon 1,del,frame shift,
WN2033,3538997,3538998,1,Intron 4,ins,A,
WN2050,3541123,3541128,6,Intron 1,del,,
WN2050,3538997,3538998,1,Intron 4,ins,A,
XZ1513,3538997,3538998,1,Intron 4,ins,A,
XZ1514,3542405,3542407,3,promoter,del,,
XZ1514,3538997,3538998,1,Intron 4,ins,A,
XZ1515,3538997,3538998,1,Intron 4,ins,A,
XZ1516,3542405,3542407,3,promoter,del,,
XZ1516,3540487,3540487,1,Intron 1,del,,
XZ1516,3538997,3538998,1,Intron 4,ins,A,